activity,count,mean,std,min,25%,50%,75%,max
Eating,42.0,2.3333333333333335,1.3373921960961421,1.0,2.0,2.0,2.0,7.0
Eating_together,16.0,8.8125,12.911074058084143,1.0,2.0,3.5,9.0,48.0
Lab_meeting,29.0,26.137931034482758,22.3330698707593,2.0,9.0,18.0,37.0,80.0
Phone_call,150.0,2.04,0.9113748004227666,1.0,2.0,2.0,2.0,9.0
Reading,213.0,3.572769953051643,4.1380209389475535,1.0,2.0,2.0,3.0,39.0
Seminar,33.0,22.575757575757574,31.156891596232672,2.0,8.0,11.0,23.0,160.0
Small_talk,153.0,6.0130718954248366,6.17719375916104,1.0,2.0,4.0,8.0,39.0
Study_together,21.0,11.904761904761905,14.404529710840135,1.0,2.0,5.0,15.0,57.0
Technical_discussion,39.0,19.0,16.478055582788695,2.0,5.5,14.0,28.5,74.0
